{"slopes":0.3231492229,"slopesUp":0.3779757394,"slopesDown":0.2723395689,"absTemps":291.15,"temperature_id":"18.0","representative_embryo":"E013"}
{"slopes":0.3605519179,"slopesUp":0.3968747237,"slopesDown":0.3251821985,"absTemps":294.15,"temperature_id":"21.0","representative_embryo":"E029"}
{"slopes":0.5881265002,"slopesUp":0.6072470853,"slopesDown":0.5683004054,"absTemps":296.15,"temperature_id":"23.0","representative_embryo":"E079"}
{"slopes":0.8421010302,"slopesUp":0.8724974613,"slopesDown":0.8150556633,"absTemps":299.15,"temperature_id":"26.0","representative_embryo":"E044"}
{"slopes":0.9631227465,"slopesUp":0.9892059412,"slopesDown":0.9286222626,"absTemps":301.15,"temperature_id":"28.0","representative_embryo":"E068"}
{"slopes":1.0010339862,"slopesUp":1.1194352909,"slopesDown":0.9128222493,"absTemps":303.15,"temperature_id":"30.0","representative_embryo":"E033"}
{"slopes":1.188744933,"slopesUp":1.2304065788,"slopesDown":1.1529406973,"absTemps":304.15,"temperature_id":"31.0","representative_embryo":"E019"}
{"slopes":1.2072831936,"slopesUp":1.2242404897,"slopesDown":1.1879181462,"absTemps":305.15,"temperature_id":"32.0","representative_embryo":"E016"}
{"slopes":1.1753679353,"slopesUp":1.2500591672,"slopesDown":1.0588913706,"absTemps":306.15,"temperature_id":"33.0","representative_embryo":"E080"}
{"slopes":1.1802746537,"slopesUp":1.2445135899,"slopesDown":1.0835653004,"absTemps":309.15,"temperature_id":"36.0","representative_embryo":"E063"}
