{"slopes":0.6226961076,"slopesUp":0.6298949123,"slopesDown":0.6130193573,"absTemps":296.65,"temperature_id":"23.5","representative_embryo":"E248"}
{"slopes":0.6960476711,"slopesUp":0.7164980855,"slopesDown":0.6798265304,"absTemps":298.15,"temperature_id":"25.0","representative_embryo":"E245"}
{"slopes":0.8614643759,"slopesUp":0.8707735251,"slopesDown":0.8542258416,"absTemps":299.65,"temperature_id":"26.5","representative_embryo":"E077"}
{"slopes":0.951332422,"slopesUp":0.9669047254,"slopesDown":0.9366730876,"absTemps":301.15,"temperature_id":"28.0","representative_embryo":"E226"}
{"slopes":1.0000491649,"slopesUp":1.0085510158,"slopesDown":0.9910985922,"absTemps":301.65,"temperature_id":"28.5","representative_embryo":"E025"}
{"slopes":1.1171243152,"slopesUp":1.1343986329,"slopesDown":1.0991673112,"absTemps":303.15,"temperature_id":"30.0","representative_embryo":"E189"}
{"slopes":1.18221492,"slopesUp":1.2035095692,"slopesDown":1.165176,"absTemps":303.65,"temperature_id":"30.5","representative_embryo":"E080"}
{"slopes":1.2071565397,"slopesUp":1.2370955078,"slopesDown":1.1827328717,"absTemps":304.65,"temperature_id":"31.5","representative_embryo":"E096"}
{"slopes":1.2835017305,"slopesUp":1.3051263917,"slopesDown":1.258633481,"absTemps":306.15,"temperature_id":"33.0","representative_embryo":"E123"}
{"slopes":1.2731577039,"slopesUp":1.3055150775,"slopesDown":1.2380818684,"absTemps":307.65,"temperature_id":"34.5","representative_embryo":"E054"}
{"slopes":1.24614355,"slopesUp":1.2871700108,"slopesDown":1.215832606,"absTemps":308.65,"temperature_id":"35.5","representative_embryo":"E029"}
